Mes,Cuota Mensual,Intereses,Amortizacion,Monto Restante,Estado
1,24.9075,1.5,23.4075,96.5925,PAGADO
2,24.9075,1.20741,23.7,72.8925,PAGADO
3,24.9075,0.911156,23.9963,48.8962,PAGADO
4,24.9075,0.611203,24.2963,24.6,PAGADO
5,24.9075,0.307499,24.6,0,PAGADO
